{"Bronx": {"2016-07-02": {"price0": 135, "room_type2": 38, "room_type0": 174, "room_type1": 331, "date": "2016-07-02", "illegal0": 328, "illegal1": 215, "price3": 30, "price2": 81, "price1": 271, "total": 543, "price5": 8, "price4": 18}, "2015-05-01": {"price0": 56, "room_type2": 16, "room_type0": 77, "room_type1": 195, "date": "2015-05-01", "illegal0": 181, "illegal1": 107, "price3": 22, "price2": 35, "price1": 161, "total": 288, "price5": 3, "price4": 11}, "2016-02-02": {"price0": 121, "room_type2": 38, "room_type0": 134, "room_type1": 278, "date": "2016-02-02", "illegal0": 293, "illegal1": 157, "price3": 26, "price2": 55, "price1": 226, "total": 450, "price5": 9, "price4": 13}, "2015-10-01": {"price0": 78, "room_type2": 33, "room_type0": 96, "room_type1": 250, "date": "2015-10-01", "illegal0": 249, "illegal1": 130, "price3": 24, "price2": 51, "price1": 207, "total": 379, "price5": 5, "price4": 14}, "2016-01-01": {"price0": 126, "room_type2": 44, "room_type0": 131, "room_type1": 279, "date": "2016-01-01", "illegal0": 301, "illegal1": 153, "price3": 26, "price2": 62, "price1": 219, "total": 454, "price5": 7, "price4": 14}, "2015-03-01": {"price0": 69, "room_type2": 15, "room_type0": 77, "room_type1": 180, "date": "2015-03-01", "illegal0": 173, "illegal1": 99, "price3": 17, "price2": 30, "price1": 144, "total": 272, "price5": 3, "price4": 9}, "2015-12-02": {"price0": 99, "room_type2": 40, "room_type0": 113, "room_type1": 265, "date": "2015-12-02", "illegal0": 275, "illegal1": 143, "price3": 26, "price2": 52, "price1": 220, "total": 418, "price5": 6, "price4": 15}, "2016-05-02": {"price0": 120, "room_type2": 34, "room_type0": 141, "room_type1": 289, "date": "2016-05-02", "illegal0": 305, "illegal1": 159, "price3": 25, "price2": 62, "price1": 237, "total": 464, "price5": 6, "price4": 14}, "2015-08-01": {"price0": 63, "room_type2": 26, "room_type0": 91, "room_type1": 201, "date": "2015-08-01", "illegal0": 209, "illegal1": 109, "price3": 17, "price2": 41, "price1": 178, "total": 318, "price5": 5, "price4": 14}, "2016-06-02": {"price0": 126, "room_type2": 39, "room_type0": 158, "room_type1": 309, "date": "2016-06-02", "illegal0": 321, "illegal1": 185, "price3": 30, "price2": 75, "price1": 252, "total": 506, "price5": 8, "price4": 15}, "2016-04-03": {"price0": 129, "room_type2": 36, "room_type0": 133, "room_type1": 293, "date": "2016-04-03", "illegal0": 312, "illegal1": 150, "price3": 26, "price2": 60, "price1": 227, "total": 462, "price5": 8, "price4": 12}, "2015-06-01": {"price0": 53, "room_type2": 17, "room_type0": 81, "room_type1": 194, "date": "2015-06-01", "illegal0": 196, "illegal1": 96, "price3": 18, "price2": 37, "price1": 170, "total": 292, "price5": 4, "price4": 10}, "2015-09-01": {"price0": 70, "room_type2": 27, "room_type0": 94, "room_type1": 228, "date": "2015-09-01", "illegal0": 223, "illegal1": 126, "price3": 18, "price2": 52, "price1": 192, "total": 349, "price5": 5, "price4": 12}, "2015-04-01": {"price0": 65, "room_type2": 15, "room_type0": 73, "room_type1": 195, "date": "2015-04-01", "illegal0": 180, "illegal1": 103, "price3": 17, "price2": 31, "price1": 155, "total": 283, "price5": 3, "price4": 12}, "2015-11-01": {"price0": 87, "room_type2": 36, "room_type0": 103, "room_type1": 261, "date": "2015-11-01", "illegal0": 268, "illegal1": 132, "price3": 28, "price2": 48, "price1": 216, "total": 400, "price5": 6, "price4": 15}, "2015-11-20": {"price0": 92, "room_type2": 41, "room_type0": 101, "room_type1": 270, "date": "2015-11-20", "illegal0": 276, "illegal1": 136, "price3": 25, "price2": 45, "price1": 230, "total": 412, "price5": 6, "price4": 14}, "2015-01-01": {"price0": 131, "room_type2": 38, "room_type0": 180, "room_type1": 379, "date": "2015-01-01", "illegal0": 364, "illegal1": 233, "price3": 26, "price2": 89, "price1": 323, "total": 597, "price5": 13, "price4": 15}, "2016-10-01": {"price0": 131, "room_type2": 38, "room_type0": 180, "room_type1": 379, "date": "2016-10-01", "illegal0": 364, "illegal1": 233, "price3": 26, "price2": 89, "price1": 323, "total": 597, "price5": 13, "price4": 15}}, "Brooklyn": {"2016-07-02": {"price0": 1659, "room_type2": 430, "room_type0": 6884, "room_type1": 7743, "date": "2016-07-02", "illegal0": 6617, "illegal1": 8440, "price3": 1983, "price2": 3105, "price1": 6585, "total": 15057, "price5": 567, "price4": 1158}, "2015-05-01": {"price0": 599, "room_type2": 235, "room_type0": 4718, "room_type1": 4867, "date": "2015-05-01", "illegal0": 4217, "illegal1": 5603, "price3": 1486, "price2": 2358, "price1": 4030, "total": 9820, "price5": 394, "price4": 953}, "2016-02-02": {"price0": 1545, "room_type2": 430, "room_type0": 6239, "room_type1": 6801, "date": "2016-02-02", "illegal0": 6343, "illegal1": 7127, "price3": 1691, "price2": 2845, "price1": 5822, "total": 13470, "price5": 499, "price4": 1068}, "2015-10-01": {"price0": 703, "room_type2": 278, "room_type0": 5502, "room_type1": 5486, "date": "2015-10-01", "illegal0": 4944, "illegal1": 6322, "price3": 1667, "price2": 2583, "price1": 4738, "total": 11266, "price5": 474, "price4": 1101}, "2016-01-01": {"price0": 1357, "room_type2": 416, "room_type0": 6310, "room_type1": 6688, "date": "2016-01-01", "illegal0": 6176, "illegal1": 7238, "price3": 1768, "price2": 2906, "price1": 5762, "total": 13414, "price5": 497, "price4": 1124}, "2015-03-01": {"price0": 696, "room_type2": 305, "room_type0": 4525, "room_type1": 4534, "date": "2015-03-01", "illegal0": 3969, "illegal1": 5395, "price3": 1347, "price2": 2246, "price1": 3860, "total": 9364, "price5": 361, "price4": 854}, "2015-12-02": {"price0": 1092, "room_type2": 348, "room_type0": 6135, "room_type1": 6388, "date": "2015-12-02", "illegal0": 5680, "illegal1": 7191, "price3": 1794, "price2": 2853, "price1": 5444, "total": 12871, "price5": 493, "price4": 1195}, "2016-05-02": {"price0": 1303, "room_type2": 360, "room_type0": 5692, "room_type1": 6120, "date": "2016-05-02", "illegal0": 5431, "illegal1": 6741, "price3": 1575, "price2": 2606, "price1": 5211, "total": 12172, "price5": 478, "price4": 999}, "2015-08-01": {"price0": 686, "room_type2": 242, "room_type0": 5463, "room_type1": 5524, "date": "2015-08-01", "illegal0": 4932, "illegal1": 6297, "price3": 1690, "price2": 2631, "price1": 4753, "total": 11229, "price5": 449, "price4": 1020}, "2016-06-02": {"price0": 1527, "room_type2": 371, "room_type0": 6545, "room_type1": 7306, "date": "2016-06-02", "illegal0": 6251, "illegal1": 7971, "price3": 1880, "price2": 2974, "price1": 6152, "total": 14222, "price5": 557, "price4": 1132}, "2016-04-03": {"price0": 1352, "room_type2": 379, "room_type0": 5676, "room_type1": 6269, "date": "2016-04-03", "illegal0": 5816, "illegal1": 6508, "price3": 1569, "price2": 2607, "price1": 5346, "total": 12324, "price5": 468, "price4": 982}, "2015-06-01": {"price0": 510, "room_type2": 186, "room_type0": 4886, "room_type1": 4865, "date": "2015-06-01", "illegal0": 4233, "illegal1": 5704, "price3": 1563, "price2": 2409, "price1": 4063, "total": 9937, "price5": 407, "price4": 985}, "2015-09-01": {"price0": 720, "room_type2": 251, "room_type0": 5488, "room_type1": 5595, "date": "2015-09-01", "illegal0": 4934, "illegal1": 6400, "price3": 1677, "price2": 2663, "price1": 4784, "total": 11334, "price5": 448, "price4": 1042}, "2015-04-01": {"price0": 716, "room_type2": 325, "room_type0": 4620, "room_type1": 4695, "date": "2015-04-01", "illegal0": 4068, "illegal1": 5572, "price3": 1421, "price2": 2306, "price1": 3922, "total": 9640, "price5": 388, "price4": 887}, "2015-11-01": {"price0": 765, "room_type2": 314, "room_type0": 5765, "room_type1": 5734, "date": "2015-11-01", "illegal0": 5131, "illegal1": 6682, "price3": 1750, "price2": 2711, "price1": 4959, "total": 11813, "price5": 487, "price4": 1141}, "2015-11-20": {"price0": 944, "room_type2": 332, "room_type0": 5863, "room_type1": 6133, "date": "2015-11-20", "illegal0": 5435, "illegal1": 6893, "price3": 1736, "price2": 2787, "price1": 5238, "total": 12328, "price5": 484, "price4": 1139}, "2015-01-01": {"price0": 1755, "room_type2": 541, "room_type0": 7147, "room_type1": 7951, "date": "2015-01-01", "illegal0": 6991, "illegal1": 8648, "price3": 2006, "price2": 3290, "price1": 6738, "total": 15639, "price5": 614, "price4": 1236}, "2016-10-01": {"price0": 1755, "room_type2": 541, "room_type0": 7147, "room_type1": 7951, "date": "2016-10-01", "illegal0": 6991, "illegal1": 8648, "price3": 2006, "price2": 3290, "price1": 6738, "total": 15639, "price5": 614, "price4": 1236}}, "Staten Island": {"2016-07-02": {"price0": 51, "room_type2": 4, "room_type0": 76, "room_type1": 126, "date": "2016-07-02", "illegal0": 157, "illegal1": 49, "price3": 18, "price2": 26, "price1": 94, "total": 206, "price5": 11, "price4": 6}, "2015-05-01": {"price0": 17, "room_type2": 4, "room_type0": 61, "room_type1": 73, "date": "2015-05-01", "illegal0": 102, "illegal1": 36, "price3": 11, "price2": 18, "price1": 71, "total": 138, "price5": 12, "price4": 9}, "2016-02-02": {"price0": 47, "room_type2": 2, "room_type0": 76, "room_type1": 118, "date": "2016-02-02", "illegal0": 149, "illegal1": 47, "price3": 11, "price2": 25, "price1": 95, "total": 196, "price5": 11, "price4": 7}, "2015-10-01": {"price0": 33, "room_type2": 3, "room_type0": 66, "room_type1": 87, "date": "2015-10-01", "illegal0": 116, "illegal1": 40, "price3": 11, "price2": 17, "price1": 79, "total": 156, "price5": 11, "price4": 5}, "2016-01-01": {"price0": 40, "room_type2": 3, "room_type0": 70, "room_type1": 111, "date": "2016-01-01", "illegal0": 130, "illegal1": 54, "price3": 12, "price2": 22, "price1": 93, "total": 184, "price5": 10, "price4": 7}, "2015-03-01": {"price0": 18, "room_type2": 1, "room_type0": 62, "room_type1": 61, "date": "2015-03-01", "illegal0": 89, "illegal1": 35, "price3": 10, "price2": 20, "price1": 55, "total": 124, "price5": 10, "price4": 11}, "2015-12-02": {"price0": 38, "room_type2": 2, "room_type0": 70, "room_type1": 114, "date": "2015-12-02", "illegal0": 130, "illegal1": 56, "price3": 11, "price2": 22, "price1": 96, "total": 186, "price5": 11, "price4": 8}, "2016-05-02": {"price0": 52, "room_type2": 2, "room_type0": 69, "room_type1": 118, "date": "2016-05-02", "illegal0": 147, "illegal1": 42, "price3": 12, "price2": 28, "price1": 81, "total": 189, "price5": 10, "price4": 6}, "2015-08-01": {"price0": 22, "room_type2": 4, "room_type0": 55, "room_type1": 75, "date": "2015-08-01", "illegal0": 100, "illegal1": 34, "price3": 9, "price2": 15, "price1": 71, "total": 134, "price5": 11, "price4": 6}, "2016-06-02": {"price0": 45, "room_type2": 4, "room_type0": 70, "room_type1": 116, "date": "2016-06-02", "illegal0": 150, "illegal1": 40, "price3": 13, "price2": 29, "price1": 87, "total": 190, "price5": 10, "price4": 6}, "2016-04-03": {"price0": 48, "room_type2": 1, "room_type0": 72, "room_type1": 113, "date": "2016-04-03", "illegal0": 144, "illegal1": 42, "price3": 12, "price2": 24, "price1": 87, "total": 186, "price5": 9, "price4": 6}, "2015-06-01": {"price0": 20, "room_type2": 5, "room_type0": 60, "room_type1": 71, "date": "2015-06-01", "illegal0": 102, "illegal1": 34, "price3": 9, "price2": 20, "price1": 67, "total": 136, "price5": 12, "price4": 8}, "2015-09-01": {"price0": 27, "room_type2": 3, "room_type0": 63, "room_type1": 81, "date": "2015-09-01", "illegal0": 106, "illegal1": 41, "price3": 10, "price2": 16, "price1": 78, "total": 147, "price5": 11, "price4": 5}, "2015-04-01": {"price0": 15, "room_type2": 3, "room_type0": 60, "room_type1": 67, "date": "2015-04-01", "illegal0": 96, "illegal1": 34, "price3": 10, "price2": 17, "price1": 68, "total": 130, "price5": 9, "price4": 11}, "2015-11-01": {"price0": 37, "room_type2": 4, "room_type0": 76, "room_type1": 108, "date": "2015-11-01", "illegal0": 137, "illegal1": 51, "price3": 12, "price2": 24, "price1": 95, "total": 188, "price5": 13, "price4": 7}, "2015-11-20": {"price0": 36, "room_type2": 1, "room_type0": 67, "room_type1": 114, "date": "2015-11-20", "illegal0": 130, "illegal1": 52, "price3": 11, "price2": 24, "price1": 94, "total": 182, "price5": 10, "price4": 7}, "2015-01-01": {"price0": 45, "room_type2": 3, "room_type0": 79, "room_type1": 129, "date": "2015-01-01", "illegal0": 164, "illegal1": 47, "price3": 18, "price2": 24, "price1": 104, "total": 211, "price5": 9, "price4": 11}, "2016-10-01": {"price0": 45, "room_type2": 3, "room_type0": 79, "room_type1": 129, "date": "2016-10-01", "illegal0": 164, "illegal1": 47, "price3": 18, "price2": 24, "price1": 104, "total": 211, "price5": 9, "price4": 11}}, "Manhattan": {"2016-07-02": {"price0": 649, "room_type2": 586, "room_type0": 11357, "room_type1": 7374, "date": "2016-07-02", "illegal0": 5553, "illegal1": 13764, "price3": 3864, "price2": 4457, "price1": 5041, "total": 19317, "price5": 2054, "price4": 3252}, "2015-05-01": {"price0": 201, "room_type2": 383, "room_type0": 9676, "room_type1": 4830, "date": "2015-05-01", "illegal0": 3613, "illegal1": 11276, "price3": 3532, "price2": 3240, "price1": 2873, "total": 14889, "price5": 1963, "price4": 3080}, "2016-02-02": {"price0": 570, "room_type2": 510, "room_type0": 11542, "room_type1": 6524, "date": "2016-02-02", "illegal0": 5282, "illegal1": 13294, "price3": 3812, "price2": 4336, "price1": 4565, "total": 18576, "price5": 2005, "price4": 3288}, "2015-10-01": {"price0": 197, "room_type2": 444, "room_type0": 10141, "room_type1": 5222, "date": "2015-10-01", "illegal0": 4057, "illegal1": 11750, "price3": 3595, "price2": 3495, "price1": 3050, "total": 15807, "price5": 2054, "price4": 3416}, "2016-01-01": {"price0": 467, "room_type2": 530, "room_type0": 11859, "room_type1": 6518, "date": "2016-01-01", "illegal0": 5117, "illegal1": 13790, "price3": 4085, "price2": 4338, "price1": 4404, "total": 18907, "price5": 2069, "price4": 3544}, "2015-03-01": {"price0": 244, "room_type2": 418, "room_type0": 9863, "room_type1": 4850, "date": "2015-03-01", "illegal0": 3617, "illegal1": 11514, "price3": 3473, "price2": 3443, "price1": 3107, "total": 15131, "price5": 1914, "price4": 2950}, "2015-12-02": {"price0": 331, "room_type2": 508, "room_type0": 11206, "room_type1": 6145, "date": "2015-12-02", "illegal0": 4620, "illegal1": 13239, "price3": 3975, "price2": 4020, "price1": 3844, "total": 17859, "price5": 2091, "price4": 3598}, "2016-05-02": {"price0": 508, "room_type2": 508, "room_type0": 9939, "room_type1": 6152, "date": "2016-05-02", "illegal0": 4757, "illegal1": 11842, "price3": 3411, "price2": 3819, "price1": 4168, "total": 16599, "price5": 1796, "price4": 2897}, "2015-08-01": {"price0": 219, "room_type2": 415, "room_type0": 10412, "room_type1": 5446, "date": "2015-08-01", "illegal0": 4117, "illegal1": 12156, "price3": 3813, "price2": 3687, "price1": 3347, "total": 16273, "price5": 1954, "price4": 3253}, "2016-06-02": {"price0": 578, "room_type2": 523, "room_type0": 10873, "room_type1": 6765, "date": "2016-06-02", "illegal0": 5144, "illegal1": 13017, "price3": 3652, "price2": 4234, "price1": 4496, "total": 18161, "price5": 2011, "price4": 3190}, "2016-04-03": {"price0": 528, "room_type2": 529, "room_type0": 10055, "room_type1": 6100, "date": "2016-04-03", "illegal0": 5144, "illegal1": 11540, "price3": 3433, "price2": 3843, "price1": 4193, "total": 16684, "price5": 1779, "price4": 2908}, "2015-06-01": {"price0": 166, "room_type2": 357, "room_type0": 9710, "room_type1": 4857, "date": "2015-06-01", "illegal0": 3585, "illegal1": 11339, "price3": 3541, "price2": 3238, "price1": 2825, "total": 14924, "price5": 1956, "price4": 3198}, "2015-09-01": {"price0": 212, "room_type2": 437, "room_type0": 10268, "room_type1": 5326, "date": "2015-09-01", "illegal0": 4111, "illegal1": 11920, "price3": 3684, "price2": 3596, "price1": 3244, "total": 16031, "price5": 1982, "price4": 3313}, "2015-04-01": {"price0": 247, "room_type2": 429, "room_type0": 9808, "room_type1": 4866, "date": "2015-04-01", "illegal0": 3669, "illegal1": 11434, "price3": 3567, "price2": 3352, "price1": 2985, "total": 15103, "price5": 1942, "price4": 3010}, "2015-11-01": {"price0": 221, "room_type2": 461, "room_type0": 10721, "room_type1": 5501, "date": "2015-11-01", "illegal0": 4142, "illegal1": 12541, "price3": 3843, "price2": 3642, "price1": 3257, "total": 16683, "price5": 2179, "price4": 3541}, "2015-11-20": {"price0": 274, "room_type2": 485, "room_type0": 10575, "room_type1": 5888, "date": "2015-11-20", "illegal0": 4410, "illegal1": 12538, "price3": 3875, "price2": 3762, "price1": 3585, "total": 16948, "price5": 2056, "price4": 3396}, "2015-01-01": {"price0": 593, "room_type2": 558, "room_type0": 11252, "room_type1": 7269, "date": "2015-01-01", "illegal0": 5620, "illegal1": 13459, "price3": 3797, "price2": 4431, "price1": 4827, "total": 19079, "price5": 2146, "price4": 3285}, "2016-10-01": {"price0": 593, "room_type2": 558, "room_type0": 11252, "room_type1": 7269, "date": "2016-10-01", "illegal0": 5620, "illegal1": 13459, "price3": 3797, "price2": 4431, "price1": 4827, "total": 19079, "price5": 2146, "price4": 3285}}, "Queens": {"2016-07-02": {"price0": 545, "room_type2": 169, "room_type0": 1503, "room_type1": 2015, "date": "2016-07-02", "illegal0": 1915, "illegal1": 1772, "price3": 344, "price2": 729, "price1": 1806, "total": 3687, "price5": 80, "price4": 183}, "2015-05-01": {"price0": 190, "room_type2": 88, "room_type0": 953, "room_type1": 1143, "date": "2015-05-01", "illegal0": 1055, "illegal1": 1129, "price3": 274, "price2": 444, "price1": 1101, "total": 2184, "price5": 55, "price4": 120}, "2016-02-02": {"price0": 558, "room_type2": 134, "room_type0": 1276, "room_type1": 1855, "date": "2016-02-02", "illegal0": 1758, "illegal1": 1507, "price3": 316, "price2": 588, "price1": 1595, "total": 3265, "price5": 64, "price4": 144}, "2015-10-01": {"price0": 286, "room_type2": 124, "room_type0": 1132, "room_type1": 1384, "date": "2015-10-01", "illegal0": 1328, "illegal1": 1312, "price3": 306, "price2": 527, "price1": 1290, "total": 2640, "price5": 70, "price4": 161}, "2016-01-01": {"price0": 503, "room_type2": 124, "room_type0": 1292, "room_type1": 1808, "date": "2016-01-01", "illegal0": 1683, "illegal1": 1541, "price3": 309, "price2": 632, "price1": 1563, "total": 3224, "price5": 61, "price4": 156}, "2015-03-01": {"price0": 197, "room_type2": 74, "room_type0": 969, "room_type1": 1167, "date": "2015-03-01", "illegal0": 1015, "illegal1": 1195, "price3": 261, "price2": 435, "price1": 1141, "total": 2210, "price5": 59, "price4": 117}, "2015-12-02": {"price0": 401, "room_type2": 122, "room_type0": 1262, "room_type1": 1658, "date": "2015-12-02", "illegal0": 1526, "illegal1": 1516, "price3": 318, "price2": 622, "price1": 1466, "total": 3042, "price5": 62, "price4": 173}, "2016-05-02": {"price0": 500, "room_type2": 142, "room_type0": 1232, "room_type1": 1777, "date": "2016-05-02", "illegal0": 1679, "illegal1": 1472, "price3": 288, "price2": 612, "price1": 1544, "total": 3151, "price5": 63, "price4": 144}, "2015-08-01": {"price0": 273, "room_type2": 123, "room_type0": 1107, "room_type1": 1343, "date": "2015-08-01", "illegal0": 1272, "illegal1": 1301, "price3": 290, "price2": 538, "price1": 1278, "total": 2573, "price5": 68, "price4": 126}, "2016-06-02": {"price0": 507, "room_type2": 157, "room_type0": 1426, "room_type1": 1946, "date": "2016-06-02", "illegal0": 1839, "illegal1": 1690, "price3": 333, "price2": 692, "price1": 1745, "total": 3529, "price5": 83, "price4": 169}, "2016-04-03": {"price0": 544, "room_type2": 146, "room_type0": 1222, "room_type1": 1806, "date": "2016-04-03", "illegal0": 1750, "illegal1": 1424, "price3": 300, "price2": 588, "price1": 1536, "total": 3174, "price5": 60, "price4": 146}, "2015-06-01": {"price0": 187, "room_type2": 88, "room_type0": 963, "room_type1": 1129, "date": "2015-06-01", "illegal0": 1037, "illegal1": 1143, "price3": 272, "price2": 459, "price1": 1077, "total": 2180, "price5": 59, "price4": 126}, "2015-09-01": {"price0": 278, "room_type2": 128, "room_type0": 1113, "room_type1": 1381, "date": "2015-09-01", "illegal0": 1348, "illegal1": 1274, "price3": 299, "price2": 533, "price1": 1308, "total": 2622, "price5": 63, "price4": 141}, "2015-04-01": {"price0": 194, "room_type2": 81, "room_type0": 990, "room_type1": 1184, "date": "2015-04-01", "illegal0": 1062, "illegal1": 1193, "price3": 288, "price2": 450, "price1": 1140, "total": 2255, "price5": 60, "price4": 123}, "2015-11-01": {"price0": 305, "room_type2": 134, "room_type0": 1233, "room_type1": 1489, "date": "2015-11-01", "illegal0": 1434, "illegal1": 1422, "price3": 342, "price2": 570, "price1": 1392, "total": 2856, "price5": 66, "price4": 181}, "2015-11-20": {"price0": 344, "room_type2": 112, "room_type0": 1174, "room_type1": 1598, "date": "2015-11-20", "illegal0": 1472, "illegal1": 1412, "price3": 318, "price2": 572, "price1": 1433, "total": 2884, "price5": 61, "price4": 156}, "2015-01-01": {"price0": 636, "room_type2": 222, "room_type0": 1648, "room_type1": 2157, "date": "2015-01-01", "illegal0": 2088, "illegal1": 1939, "price3": 393, "price2": 775, "price1": 1931, "total": 4027, "price5": 94, "price4": 198}, "2016-10-01": {"price0": 636, "room_type2": 222, "room_type0": 1648, "room_type1": 2157, "date": "2016-10-01", "illegal0": 2088, "illegal1": 1939, "price3": 393, "price2": 775, "price1": 1931, "total": 4027, "price5": 94, "price4": 198}}}