{"2016-07-02": {"price0": 3039, "room_type2": 1227, "room_type0": 19994, "room_type1": 17589, "date": "2016-07-02", "illegal0": 14570, "illegal1": 24240, "price3": 6239, "price2": 8398, "price1": 13797, "total": 38810, "price5": 2720, "price4": 4617}, "2015-05-01": {"price0": 1063, "room_type2": 726, "room_type0": 15485, "room_type1": 11108, "date": "2015-05-01", "illegal0": 9168, "illegal1": 18151, "price3": 5325, "price2": 6095, "price1": 8236, "total": 27319, "price5": 2427, "price4": 4173}, "2016-02-02": {"price0": 2841, "room_type2": 1114, "room_type0": 19267, "room_type1": 15576, "date": "2016-02-02", "illegal0": 13825, "illegal1": 22132, "price3": 5856, "price2": 7849, "price1": 12303, "total": 35957, "price5": 2588, "price4": 4520}, "2015-10-01": {"price0": 1297, "room_type2": 882, "room_type0": 16937, "room_type1": 12429, "date": "2015-10-01", "illegal0": 10694, "illegal1": 19554, "price3": 5603, "price2": 6673, "price1": 9364, "total": 30248, "price5": 2614, "price4": 4697}, "2016-01-01": {"price0": 2493, "room_type2": 1117, "room_type0": 19662, "room_type1": 15404, "date": "2016-01-01", "illegal0": 13407, "illegal1": 22776, "price3": 6200, "price2": 7960, "price1": 12041, "total": 36183, "price5": 2644, "price4": 4845}, "2015-03-01": {"price0": 1224, "room_type2": 813, "room_type0": 15496, "room_type1": 10792, "date": "2015-03-01", "illegal0": 8863, "illegal1": 18238, "price3": 5108, "price2": 6174, "price1": 8307, "total": 27101, "price5": 2347, "price4": 3941}, "2015-12-02": {"price0": 1961, "room_type2": 1020, "room_type0": 18786, "room_type1": 14570, "date": "2015-12-02", "illegal0": 12231, "illegal1": 22145, "price3": 6124, "price2": 7569, "price1": 11070, "total": 34376, "price5": 2663, "price4": 4989}, "2016-05-02": {"price0": 2483, "room_type2": 1046, "room_type0": 17073, "room_type1": 14456, "date": "2016-05-02", "illegal0": 12319, "illegal1": 20256, "price3": 5311, "price2": 7127, "price1": 11241, "total": 32575, "price5": 2353, "price4": 4060}, "2015-08-01": {"price0": 1263, "room_type2": 810, "room_type0": 17128, "room_type1": 12589, "date": "2015-08-01", "illegal0": 10630, "illegal1": 19897, "price3": 5819, "price2": 6912, "price1": 9627, "total": 30527, "price5": 2487, "price4": 4419}, "2016-06-02": {"price0": 2783, "room_type2": 1094, "room_type0": 19072, "room_type1": 16442, "date": "2016-06-02", "illegal0": 13705, "illegal1": 22903, "price3": 5908, "price2": 8004, "price1": 12732, "total": 36608, "price5": 2669, "price4": 4512}, "2016-04-03": {"price0": 2601, "room_type2": 1091, "room_type0": 17158, "room_type1": 14581, "date": "2016-04-03", "illegal0": 13166, "illegal1": 19664, "price3": 5340, "price2": 7122, "price1": 11389, "total": 32830, "price5": 2324, "price4": 4054}, "2015-06-01": {"price0": 936, "room_type2": 653, "room_type0": 15700, "room_type1": 11116, "date": "2015-06-01", "illegal0": 9153, "illegal1": 18316, "price3": 5403, "price2": 6163, "price1": 8202, "total": 27469, "price5": 2438, "price4": 4327}, "2015-09-01": {"price0": 1307, "room_type2": 846, "room_type0": 17026, "room_type1": 12611, "date": "2015-09-01", "illegal0": 10722, "illegal1": 19761, "price3": 5688, "price2": 6860, "price1": 9606, "total": 30483, "price5": 2509, "price4": 4513}, "2015-04-01": {"price0": 1237, "room_type2": 853, "room_type0": 15551, "room_type1": 11007, "date": "2015-04-01", "illegal0": 9075, "illegal1": 18336, "price3": 5303, "price2": 6156, "price1": 8270, "total": 27411, "price5": 2402, "price4": 4043}, "2015-11-01": {"price0": 1415, "room_type2": 949, "room_type0": 17898, "room_type1": 13093, "date": "2015-11-01", "illegal0": 11112, "illegal1": 20828, "price3": 5975, "price2": 6995, "price1": 9919, "total": 31940, "price5": 2751, "price4": 4885}, "2015-11-20": {"price0": 1690, "room_type2": 971, "room_type0": 17780, "room_type1": 14003, "date": "2015-11-20", "illegal0": 11723, "illegal1": 21031, "price3": 5965, "price2": 7190, "price1": 10580, "total": 32754, "price5": 2617, "price4": 4712}, "2015-01-01": {"price0": 3160, "room_type2": 1362, "room_type0": 20306, "room_type1": 17885, "date": "2015-01-01", "illegal0": 15227, "illegal1": 24326, "price3": 6240, "price2": 8609, "price1": 13923, "total": 39553, "price5": 2876, "price4": 4745}, "2016-10-01": {"price0": 3160, "room_type2": 1362, "room_type0": 20306, "room_type1": 17885, "date": "2016-10-01", "illegal0": 15227, "illegal1": 24326, "price3": 6240, "price2": 8609, "price1": 13923, "total": 39553, "price5": 2876, "price4": 4745}}